hour,observations,pearson_r_distance_fare,spearman_r_distance_fare
0,19032,0.7880052831713212,0.8869656730093007
1,14095,0.7896295237750867,0.8873987921037512
2,10523,0.8051568609543532,0.8999981118970103
3,7663,0.7547080333049623,0.9016643301975904
4,5650,0.8723527570374789,0.9072297593680735
5,4817,0.7530119390562466,0.9098210037831185
6,10022,0.8892462038459537,0.9071983006841358
7,17661,0.6709468635505322,0.8756972227600406
8,21928,0.7290481177013415,0.847144863346117
9,22881,0.7585920836471921,0.8399449107483645
10,21766,0.7062969843672132,0.841446397844763
11,22667,0.4791783085033265,0.8372922757631177
12,23904,0.7249460801890967,0.8256028335501691
13,23645,0.7607708302096453,0.8335114950477509
14,24613,0.6511648194551932,0.8430697251287083
15,23319,0.7779409404249977,0.8506004348302872
16,19931,0.7583175862200406,0.8419267047546384
17,23871,0.42239233386850855,0.8365432261847232
18,29151,0.7015412398836143,0.8465992410791908
19,30415,0.6298415581639006,0.8539016328629045
20,28358,0.7577890545345117,0.8719389240832204
21,27747,0.7715302304307612,0.8775629566004175
22,26957,0.7646471011139361,0.8800099126946026
23,24099,0.7491982395878669,0.888533195830787
