daypart,distance_bin,observations,distance_median,fare_median,fare_mean
00-05,1,6178,0.6249407082355138,4.1,6.120726772418258
00-05,2,6178,1.0926442749664997,5.3,5.51219974101651
00-05,3,6178,1.51445620976099,6.1,6.461542570411137
00-05,4,6178,1.9672136311591428,7.0,7.502584978957592
00-05,5,6178,2.494763720070065,8.1,8.71995953382972
00-05,6,6178,3.175154036878781,9.5,10.10132890903205
00-05,7,6178,4.073736106932728,11.3,12.02769666558757
00-05,8,6178,5.309144923928711,13.7,14.42060051796698
00-05,9,6178,7.137979548498146,17.7,18.39207348656523
00-05,10,6178,11.519167510198674,28.1,31.769729685982515
06-11,1,11693,0.6076827001244236,4.5,5.7109244847344565
06-11,2,11692,0.9402855625035715,5.0,5.574544988026001
06-11,3,11693,1.2125937911171594,6.0,6.304647224835372
06-11,4,11692,1.4996733931639032,6.5,7.068161991105029
06-11,5,11693,1.8372626355043304,7.5,7.850669631403404
06-11,6,11692,2.24172986736141,8.5,8.83268987341772
06-11,7,11692,2.7969058745944886,9.5,10.02106996236743
06-11,8,11693,3.63059892542764,11.3,11.807091422218422
06-11,9,11692,5.1966406198823965,14.5,15.336105029079711
06-11,10,11693,9.7460517252465,29.47,32.17241512015736
12-17,1,13929,0.5901599326535952,4.5,6.007805298298514
12-17,2,13928,0.9326823466354438,5.3,5.729979896611144
12-17,3,13928,1.20552540732369,6.0,6.501059735784032
12-17,4,13928,1.4878706730460545,6.9,7.208279724296381
12-17,5,13929,1.8083335494711048,7.5,8.090579366788713
12-17,6,13928,2.200382851393714,8.5,9.000853676048248
12-17,7,13928,2.7228698471077126,9.7,10.245984348075819
12-17,8,13928,3.5328165998372274,11.5,12.104239661114303
12-17,9,13928,5.11184665695339,15.0,15.86305356117174
12-17,10,13929,10.30934497094933,32.9,35.666322061885275
18-23,1,16673,0.6416229660427072,4.5,5.680960235110658
18-23,2,16673,1.0261416748340808,5.3,5.648278054339351
18-23,3,16672,1.3412434637204398,6.0,6.406155230326296
18-23,4,16673,1.683428470601017,6.9,7.2492862712169375
18-23,5,16673,2.062500663221156,7.7,8.102333713188989
18-23,6,16672,2.525251205667945,8.5,9.142577375239922
18-23,7,16673,3.138324647060028,10.0,10.483404306363582
18-23,8,16672,4.023255066643978,11.7,12.411387356046065
18-23,9,16673,5.483118300470992,14.9,15.574994302165177
18-23,10,16673,9.663784043636069,26.1,29.429554969111734
