hour,count,mean,median
0,19647,11.777161907670381,9.0
1,14553,11.441500721500722,8.9
2,10883,11.513282183221538,9.0
3,7936,12.076378528225806,9.3
4,5864,13.687068553888132,10.0
5,4981,15.16961453523389,9.0
6,10325,12.315223244552058,7.7
7,18229,10.954177409622032,8.0
8,22598,10.914253916275776,8.1
9,23564,10.819028602953658,8.1
10,22426,10.905418264514402,8.1
11,23338,11.191078927071729,8.5
12,24649,11.130399610531866,8.5
13,24403,11.64873007417121,8.5
14,25382,11.871596012922543,8.5
15,24024,12.089150016650017,8.5
16,20568,11.83780727343446,8.1
17,24646,11.376808001298386,8.5
18,30063,10.980511259687988,8.5
19,31380,10.602513384321224,8.1
20,29193,10.82564210598431,8.1
21,28636,10.998895446291382,8.5
22,27815,11.320136976451554,8.5
23,24862,11.558823103531495,8.9
