Problem,Evidence from Phase 2,Investigation performed,Decision,Action rows,Percentage of original,Exact reason,Expected impact on EDA / Task 2
Non-positive fare_amount,21 negative + 14 zero = 35 (0.0070%).,Inspected all 35; no free-ride/cancellation indicator and negative fares are invalid target values.,Remove,35,0.007,fare_amount is the paid-fare target; non-positive values are not defensible target observations.,Prevents invalid target values from distorting target EDA/modeling.
pickup_datetime Excel serial representation,"All 499,965 retained rows after removal.",Converted Excel serial day values and rounded to seconds; all Hour/Day/Month/weekday/year checks then match exactly.,Transform,499965,99.993,Restores datetime semantics without changing the recorded second; removes floating-point boundary artifacts.,Enables reliable temporal analysis.
passenger_count == 0,"1,796 (0.3592%).",Fares/distances are otherwise populated; no evidence supports interpreting 0 as a real passenger count or imputing a specific value.,Transform → NaN,1796,0.3592,Preserve trips but mark impossible count as unknown; no unsupported imputation.,Passenger analyses exclude these rows by default; other analyses retain them.
Zero/sentinel or invalid geographic coordinates,"9,914 source rows; 9,912 remain after fare removal.","8,991 source rows had all four coordinates equal to zero; additional partial-zero and 19 nonzero mathematical-range anomalies were inspected.",Transform → NaN,9912,1.9824,Zero coordinates behave as missing sentinels; nonzero values outside the radian domain are invalid. Derived geo fields are invalid when inputs are unavailable.,Removes corrupted geographic values from geo/distance features without dropping trips.
"Extreme Distance > 1,000 km",989 source rows; 84 retained rows still required direct distance invalidation after geo masking.,"Most extreme values were tied to missing/invalid coordinates; remaining >1,000 km values are not defensible for NYC-scale trips.",Transform → NaN,84,0.0168,Invalidate only the clearly implausible distance field rather than deleting the entire trip; ordinary IQR outliers are retained.,Prevents extreme distance values from dominating EDA/model features.
"Extreme airport/reference distances > 1,000 km","10,285 source rows; 382 retained rows had at least one such value after geo masking (1,910 cells).","Many were tied to zero coordinates; residual values included ~30,000 km despite locally plausible coordinates.",Transform → NaN,382,0.0762,Invalidate implausible derived reference-distance cells while preserving the rest of each trip.,Prevents corrupted geographic features from contaminating analysis.
Duplicate Key values,"34,068 duplicated Keys; 38,794 excess rows in raw data.",Key == pickup_datetime; exact duplicate rows = 0.,Keep / Flag,0,0.0,"Key is a timestamp-like field, not a reliable unique trip ID in the actual dataset.",Preserves legitimate records; Key must not be used for deduplication.
Bearing representation,"254,223 raw rows would fail a 0–360 degree test; observed values lie in [-π, π].",Range inspection supports radians; no conversion was applied.,Keep / Document,0,0.0,Source documentation does not establish a safe degree conversion.,Preserves source representation; later analysis must treat it as radians unless authoritative documentation changes.
Actual day vs weekday semantics,day = 1–31; weekday = 0–6; both match datetime.,Cross-checked both fields against restored datetime; zero mismatches.,Keep / Document,0,0.0,Both columns carry valid but different calendar meanings; do not overwrite one with the other.,Preserves correct temporal semantics.
Category/schema differences from Task1.pdf,Car Condition 4 levels; Weather 5; Traffic Condition 3; Week absent; year/weekday/nyc_dist present.,Compared actual schema/categories with documented schema; no safe silent mapping exists.,Keep / Document,0,0.0,"The actual dataset is the analysis source; no renaming, recoding, or invented Week column.",Later EDA/modeling will explicitly use actual categories/schema.
