fare_amount,distance,hour,weekday,month,year,pickup_datetime
500.0,0.0,9,0,9,2011,2011-09-12 09:33:56
495.0,140.51498276177074,13,1,5,2015,2015-05-12 13:16:47
450.0,0.6922119941783785,14,6,10,2012,2012-10-28 14:14:44
450.0,0.001973367218719,16,2,3,2015,2015-03-11 16:25:21
450.0,0.0014479819538545,14,4,7,2011,2011-07-29 14:19:00
400.0,0.0013068835175496,8,3,5,2011,2011-05-05 08:39:00
400.0,0.008943784723918,5,5,10,2011,2011-10-08 05:17:04
281.05,86.29925309604869,13,5,9,2012,2012-09-01 13:24:00
263.25,0.0155890726047969,10,0,5,2014,2014-05-19 10:11:10
255.0,0.1076393485723681,20,1,10,2012,2012-10-30 20:38:00
250.0,1.775615440485847,23,3,10,2012,2012-10-11 23:29:00
245.41,69.8623333333977,12,1,2,2015,2015-02-10 12:07:13
240.0,,11,6,5,2012,2012-05-06 11:08:00
235.0,0.0010641879836799,11,4,1,2015,2015-01-02 11:55:03
225.0,0.0,2,0,8,2012,2012-08-06 02:35:00
217.0,,19,3,6,2014,2014-06-26 19:28:00
215.0,0.0018903137533585,3,5,10,2011,2011-10-15 03:51:00
215.0,0.002006635758558,9,3,4,2014,2014-04-24 09:58:52
214.33,54.378493547461765,0,2,1,2014,2014-01-22 00:36:36
212.0,,23,4,5,2014,2014-05-30 23:11:38
211.44,51.13711255513669,13,4,3,2013,2013-03-08 13:41:00
210.0,0.0006970989409138,21,0,1,2013,2013-01-28 21:31:38
208.8,54.92158143885181,23,3,9,2012,2012-09-20 23:43:43
208.0,0.0,6,5,3,2015,2015-03-21 06:25:09
205.0,0.0001391728248077,0,2,12,2014,2014-12-24 00:02:35
201.0,65.54246865916824,17,3,5,2013,2013-05-16 17:13:37
200.0,0.00033368016406,3,6,2,2012,2012-02-26 03:24:00
200.0,0.0006047434805619,23,1,3,2012,2012-03-06 23:33:00
200.0,32.36730592886989,4,4,4,2012,2012-04-20 04:16:53
200.0,60.78494930574057,12,0,8,2009,2009-08-17 12:22:08
199.5,45.099255842602034,2,3,3,2013,2013-03-07 02:17:00
197.0,53.244444311107465,6,1,3,2015,2015-03-10 06:31:41
196.0,0.0023891031403892,17,5,2,2012,2012-02-25 17:24:37
195.8,,9,1,2,2013,2013-02-12 09:02:00
190.88,47.31319128741541,8,2,2,2015,2015-02-18 08:21:30
185.0,0.0,14,1,3,2014,2014-03-11 14:01:24
180.0,0.0,20,2,1,2013,2013-01-16 20:19:58
175.0,0.0015073328658779,21,1,9,2010,2010-09-28 21:53:54
175.0,37.24814619300747,15,2,6,2015,2015-06-24 15:28:32
170.0,,1,3,9,2011,2011-09-08 01:10:00
170.0,,20,0,9,2014,2014-09-08 20:52:00
167.0,0.0,0,3,6,2009,2009-06-11 00:26:52
167.0,46.119380245908815,22,3,12,2013,2013-12-19 22:31:17
165.0,0.0284893241591126,21,4,8,2009,2009-08-07 21:49:13
165.0,4.949891562508711,3,5,11,2014,2014-11-01 03:35:37
164.0,0.0011435944822782,20,2,12,2012,2012-12-05 20:10:34
161.54,45.56219913934558,0,5,6,2015,2015-06-20 00:06:49
161.0,12.887129975162637,20,2,2,2015,2015-02-04 20:24:59
160.77,35.962091637771664,16,1,3,2015,2015-03-03 16:34:57
160.0,1.372030276068452,11,0,5,2013,2013-05-13 11:18:00
160.0,0.139539593155189,3,4,4,2013,2013-04-12 03:16:58
160.0,41.78903027696977,8,1,12,2010,2010-12-28 08:24:00
159.0,,14,4,12,2013,2013-12-27 14:22:00
157.0,30.206781074320133,10,4,11,2012,2012-11-09 10:36:00
155.33,39.12192151894986,16,0,6,2013,2013-06-10 16:56:11
154.8,49.29452484635917,15,2,1,2011,2011-01-26 15:31:15
153.5,0.0,4,4,3,2009,2009-03-20 04:30:00
152.9,59.9205711029393,2,3,8,2009,2009-08-27 02:56:00
151.57,38.28134371894145,21,1,8,2010,2010-08-10 21:27:00
150.5,41.627321150457576,20,6,8,2014,2014-08-31 20:43:00
150.0,40.83028644764738,21,2,6,2014,2014-06-18 21:05:35
150.0,0.0,12,0,8,2011,2011-08-08 12:48:00
150.0,0.6317066211778203,2,6,10,2012,2012-10-28 02:10:49
149.0,0.0007903011285664,20,3,8,2014,2014-08-14 20:22:14
149.0,1.6317784591902864,19,5,10,2012,2012-10-27 19:45:00
146.9,47.70317665451503,15,5,2,2009,2009-02-28 15:04:15
145.82999999999998,33.053938559770685,18,4,5,2015,2015-05-15 18:25:37
145.58,45.64376433168849,17,3,7,2013,2013-07-25 17:50:41
145.0,0.000201308104978,5,6,12,2013,2013-12-22 05:04:06
145.0,,6,5,3,2014,2014-03-08 06:22:00
144.41,30.989122550080545,15,3,1,2015,2015-01-01 15:04:08
144.08,34.029164157972154,23,0,3,2015,2015-03-09 23:32:51
143.0,0.0,18,6,5,2010,2010-05-09 18:35:44
140.0,0.0004526051221271,21,3,7,2012,2012-07-19 21:32:00
140.0,27.3587838737196,14,2,7,2012,2012-07-04 14:55:00
140.0,,0,5,12,2012,2012-12-15 00:25:00
140.0,0.0033666874570241,0,4,5,2012,2012-05-11 00:30:50
139.6,43.23540307297541,23,4,12,2012,2012-12-07 23:52:00
139.5,19.886844828705875,16,3,10,2012,2012-10-18 16:16:00
138.3,35.029693254217364,11,5,12,2012,2012-12-01 11:38:00
136.5,0.001829772019342,20,0,5,2013,2013-05-20 20:51:56
136.32999999999998,18.3284966520341,16,1,1,2014,2014-01-21 16:53:00
136.32999999999998,0.0011543874278133,16,3,6,2014,2014-06-05 16:41:00
136.0,44.74698812099567,2,5,2,2014,2014-02-22 02:44:00
135.5,,14,5,2,2012,2012-02-04 14:56:00
135.0,0.3668884248492507,10,0,12,2013,2013-12-16 10:56:58
135.0,31.799669661911263,2,4,9,2013,2013-09-13 02:19:00
133.0,31.54606333210771,23,2,12,2014,2014-12-03 23:23:25
132.0,30.739917749955936,1,5,5,2010,2010-05-22 01:25:59
132.0,28.429574380993675,2,6,12,2012,2012-12-16 02:23:17
131.0,0.0010147658012346,10,2,10,2010,2010-10-20 10:21:00
130.83,44.14332965513104,15,4,1,2015,2015-01-16 15:42:01
130.0,27.023720198300808,2,6,9,2013,2013-09-22 02:41:31
130.0,0.0022382393152326,23,2,4,2013,2013-04-17 23:10:29
130.0,0.0020835794917935,20,5,10,2012,2012-10-06 20:12:15
130.0,0.0,13,0,3,2015,2015-03-02 13:19:59
130.0,,4,1,10,2013,2013-10-22 04:16:00
130.0,0.0,16,2,11,2012,2012-11-21 16:15:00
130.0,,19,4,10,2013,2013-10-18 19:53:00
129.98,29.616108996534823,6,5,5,2015,2015-05-02 06:54:16
