bin_number,observations,distance_min,distance_median,distance_max,fare_mean,fare_median,fare_q1,fare_q3,fare_per_km_median
1,24236,8.40693869073503e-05,0.45332736219559067,0.6151239296383387,6.625541343456016,4.1,3.5,5.3,9.801532978424392
2,24236,0.6151241873078697,0.7257768194280747,0.819083631406263,5.05871637233867,4.5,4.1,5.5,6.350978886383102
3,24236,0.8191043116939626,0.90055045381279,0.979614355966016,5.48104596468064,5.0,4.5,6.0,5.593303879196908
4,24235,0.9796206150007442,1.055972423334314,1.1318374454545586,5.839123581596864,5.5,4.9,6.5,5.1173339881448845
5,24236,1.131837905058991,1.2048438310401972,1.2799991895909673,6.246369037795016,5.7,5.0,6.9,4.81371024911682
6,24236,1.2800057132550724,1.356434124515021,1.434657552180474,6.59421150354844,6.1,5.3,7.3,4.5664007815991745
7,24235,1.43468507983373,1.5162435634406068,1.6013559048385078,7.0153055498246335,6.5,5.7,7.7,4.351121111662223
8,24236,1.6013572071160913,1.68791527057207,1.7773648860021265,7.455096550585905,7.0,6.1,8.1,4.141247637326689
9,24236,1.777379274451487,1.871720990227426,1.9672203537028825,7.8571104967816465,7.5,6.5,8.5,3.9527078056944354
10,24236,1.9672203780466884,2.0686422521645187,2.178068269117676,8.303667271827035,8.0,6.9,9.0,3.792594415150142
11,24235,2.1780908944255124,2.2938919770919948,2.4183267187820703,8.831048896224468,8.5,7.3,9.7,3.642832055929907
12,24236,2.418332619375583,2.550358628958911,2.695410861654917,9.411961957418717,8.9,7.7,10.5,3.485084951992128
13,24236,2.6954193510607496,2.854140457130343,3.028697625539961,10.04596756890576,9.5,8.1,11.0,3.3339984494750388
14,24235,3.028701077823383,3.220261439881694,3.4358045538838065,10.859335258923045,10.1,8.9,12.0,3.187840470227694
15,24236,3.4358159975821767,3.677907671911753,3.957440692354836,11.791548110249217,11.3,9.7,13.0,3.0303180735795365
16,24236,3.9574977262928015,4.271961056814977,4.631157869032741,13.042301534906748,12.5,10.9,14.5,2.8891707249430523
17,24235,4.631201782351701,5.059653917913428,5.576461827124252,14.704285124819474,14.0,12.1,16.5,2.7639632434207413
18,24236,5.576494734704159,6.220165516666004,7.090090058479858,17.339567585410133,16.5,14.5,19.5,2.6521842991090487
19,24236,7.090237664528864,8.51563813265574,10.10538686251251,24.314159102162073,22.9,18.9,29.0,2.7155589301185663
20,24236,10.105688476732617,14.572859944873517,709.8470186625558,40.100179072454196,37.83,29.0,49.8,2.5055457785092803
