metric,value
df_clean_rows,499965.0
pair_nonmissing_distance_fare,489969.0
positive_distance_used,484715.0
temporary_excluded_total,15250.0
missing_distance_rows,9996.0
nonpositive_distance_rows,5254.0
missing_fare_rows,0.0
pearson_raw_distance_fare,0.6826546004444044
spearman_raw_distance_fare,0.8569198647019999
pearson_log1p_distance_vs_raw_fare,0.7622955842978301
pearson_log1p_distance_vs_log1p_fare,0.8664977770083713
spearman_log1p_distance_vs_raw_fare,0.8569198647019999
quantile_bins,20.0
first_bin_median_distance_km,0.45332736219559067
first_bin_median_fare,4.1
last_bin_median_distance_km,14.572859944873517
last_bin_median_fare,37.83
first_bin_median_fare_per_km,9.801532978424392
last_bin_median_fare_per_km,2.5055457785092803
