,fare_amount,distance,passenger_count,jfk_dist,ewr_dist,lga_dist,sol_dist,nyc_dist,bearing
fare_amount,1.0,0.6708930713336664,0.012748707345570931,-0.2650213072189526,0.275987001928256,0.07958509489313044,0.2484321501596893,0.2905240333332829,-0.024114786343133875
distance,0.6708930713336664,1.0,0.008210914643853389,-0.027615157769491448,0.43279498509384384,0.2799754865983153,0.39742251352987595,0.43140803563578534,-0.011776376402022778
passenger_count,0.012748707345570931,0.008210914643853389,1.0,-0.004463389521042062,-0.0021278355903235836,0.0029181662534217973,-0.0019103313406055305,-0.0010333343297327295,0.0015701006003588812
jfk_dist,-0.2650213072189526,-0.027615157769491448,-0.004463389521042062,1.0,0.36799788367568204,0.587270746899325,0.4611603447309813,0.4472202608068462,0.04978802923854374
ewr_dist,0.275987001928256,0.43279498509384384,-0.0021278355903235836,0.36799788367568204,1.0,0.3973194711933999,0.9774658266154693,0.9693775323812819,-0.04254834617814552
lga_dist,0.07958509489313044,0.2799754865983153,0.0029181662534217973,0.587270746899325,0.3973194711933999,1.0,0.38085420023207217,0.4311798111187276,-0.0037318514020609228
sol_dist,0.2484321501596893,0.39742251352987595,-0.0019103313406055305,0.4611603447309813,0.9774658266154693,0.38085420023207217,1.0,0.9921202651421244,-0.028720294605352272
nyc_dist,0.2905240333332829,0.43140803563578534,-0.0010333343297327295,0.4472202608068462,0.9693775323812819,0.4311798111187276,0.9921202651421244,1.0,-0.030577853730230857
bearing,-0.024114786343133875,-0.011776376402022778,0.0015701006003588812,0.04978802923854374,-0.04254834617814552,-0.0037318514020609228,-0.028720294605352272,-0.030577853730230857,1.0
