feature_1,feature_2,pearson_r,abs_r
sol_dist,nyc_dist,0.9921202651421244,0.9921202651421244
ewr_dist,sol_dist,0.9774658266154693,0.9774658266154693
ewr_dist,nyc_dist,0.9693775323812819,0.9693775323812819
jfk_dist,lga_dist,0.587270746899325,0.587270746899325
jfk_dist,sol_dist,0.4611603447309813,0.4611603447309813
jfk_dist,nyc_dist,0.4472202608068462,0.4472202608068462
ewr_dist,distance,0.4327949850938438,0.4327949850938438
nyc_dist,distance,0.43140803563578534,0.43140803563578534
lga_dist,nyc_dist,0.4311798111187276,0.4311798111187276
sol_dist,distance,0.39742251352987595,0.39742251352987595
ewr_dist,lga_dist,0.3973194711933999,0.3973194711933999
lga_dist,sol_dist,0.38085420023207217,0.38085420023207217
jfk_dist,ewr_dist,0.36799788367568204,0.36799788367568204
lga_dist,distance,0.27997548659831534,0.27997548659831534
month,year,-0.1175959569359761,0.1175959569359761
hour,weekday,-0.08887881597811571,0.08887881597811571
jfk_dist,bearing,0.04978802923854374,0.04978802923854374
ewr_dist,bearing,-0.04254834617814552,0.04254834617814552
passenger_count,weekday,0.03749791608107613,0.03749791608107613
hour,bearing,0.0316681035998816,0.0316681035998816
nyc_dist,bearing,-0.030577853730230857,0.030577853730230857
sol_dist,bearing,-0.028720294605352272,0.028720294605352272
jfk_dist,distance,-0.02761515776949152,0.02761515776949152
year,jfk_dist,-0.02422759413714991,0.02422759413714991
hour,distance,-0.024029091527513514,0.024029091527513514
weekday,sol_dist,-0.023860536649665844,0.023860536649665844
weekday,nyc_dist,-0.021474154784039367,0.021474154784039367
weekday,lga_dist,0.020799668368693642,0.020799668368693642
hour,jfk_dist,0.019714361729564134,0.019714361729564134
weekday,ewr_dist,-0.017452644786835763,0.017452644786835763
day,month,-0.016243422410767223,0.016243422410767223
passenger_count,hour,0.01592839343201579,0.01592839343201579
year,distance,0.015475880312823997,0.015475880312823997
year,lga_dist,-0.013402966244291532,0.013402966244291532
distance,bearing,-0.011776376402022778,0.011776376402022778
weekday,jfk_dist,-0.010617637385843887,0.010617637385843887
weekday,year,0.010573188298182065,0.010573188298182065
weekday,distance,0.01008390976362713,0.01008390976362713
year,sol_dist,-0.00976958894713121,0.00976958894713121
day,year,-0.009705581438523524,0.009705581438523524
month,jfk_dist,-0.009318521992966854,0.009318521992966854
month,weekday,-0.009176615832245353,0.009176615832245353
year,nyc_dist,-0.008632254334428067,0.008632254334428067
passenger_count,distance,0.008210914643853394,0.008210914643853394
month,distance,0.00804867523052132,0.00804867523052132
weekday,bearing,-0.007363642233141659,0.007363642233141659
year,ewr_dist,-0.007272756476273999,0.007272756476273999
day,weekday,0.006843780067484698,0.006843780067484698
year,bearing,-0.006132324956307424,0.006132324956307424
passenger_count,day,0.005496603790685952,0.005496603790685952
hour,ewr_dist,-0.005071795511015136,0.005071795511015136
passenger_count,year,0.004968840619632517,0.004968840619632517
passenger_count,month,0.004675040350158681,0.004675040350158681
passenger_count,jfk_dist,-0.004463389521042062,0.004463389521042062
day,bearing,-0.0038517633162798194,0.0038517633162798194
lga_dist,bearing,-0.0037318514020609228,0.0037318514020609228
hour,month,-0.0031589680975574576,0.0031589680975574576
hour,lga_dist,-0.0031465343266004987,0.0031465343266004987
passenger_count,lga_dist,0.0029181662534217973,0.0029181662534217973
day,jfk_dist,-0.002749413683952234,0.002749413683952234
month,lga_dist,-0.0026210984902302874,0.0026210984902302874
hour,day,0.0023501889632051355,0.0023501889632051355
hour,year,0.002233579826258281,0.002233579826258281
passenger_count,ewr_dist,-0.0021278355903235836,0.0021278355903235836
hour,nyc_dist,-0.0020572380006404377,0.0020572380006404377
month,bearing,0.0019586857831309502,0.0019586857831309502
passenger_count,sol_dist,-0.0019103313406055305,0.0019103313406055305
month,sol_dist,-0.001852168327231647,0.001852168327231647
passenger_count,bearing,0.0015701006003588812,0.0015701006003588812
hour,sol_dist,0.0012906272531712194,0.0012906272531712194
month,nyc_dist,-0.0012704864802161795,0.0012704864802161795
passenger_count,nyc_dist,-0.0010333343297327295,0.0010333343297327295
day,lga_dist,-0.0005765909372809889,0.0005765909372809889
month,ewr_dist,-0.0005717173605261989,0.0005717173605261989
day,distance,-0.0004377413140026931,0.0004377413140026931
day,sol_dist,-0.0002102633626208986,0.0002102633626208986
day,nyc_dist,-0.0001761748736090298,0.0001761748736090298
day,ewr_dist,6.827422764364032e-05,6.827422764364032e-05
