year_month,trip_count,mean_fare,median_fare
2009-01,6372,9.553666038920277,7.3
2009-02,6215,9.692260659694288,7.7
2009-03,6436,9.88899937849596,7.7
2009-04,6321,9.850681854137004,7.7
2009-05,6591,10.169048702776513,7.7
2009-06,6300,9.988857142857142,7.7
2009-07,6084,10.159963839579225,7.7
2009-08,6319,10.211838898559899,7.7
2009-09,6350,10.316384251968504,7.7
2009-10,7082,10.093455238633155,7.7
2009-11,6388,10.14238728866625,7.7
2009-12,6544,10.138068459657703,7.7
2010-01,6746,9.700917580788616,7.3
2010-02,5086,9.466537554069996,7.3
2010-03,5810,9.888659208261618,7.3
2010-04,6893,10.083229363122008,7.7
2010-05,6922,10.497492054319562,7.7
2010-06,6699,10.433602030153754,7.7
2010-07,6476,10.178017294626311,7.7
2010-08,5620,10.224103202846974,7.7
2010-09,6253,10.496198624660163,7.7
2010-10,6605,10.374676760030281,7.7
2010-11,6411,10.445070971767276,7.7
2010-12,6260,10.444838658146965,7.7
2011-01,6087,10.049457861015279,7.7
2011-02,6445,9.974958882854926,7.7
2011-03,7259,10.09923680947789,7.7
2011-04,6679,10.28327144782153,7.7
2011-05,6898,10.743225572629749,8.1
2011-06,6764,10.58093435836783,8.1
2011-07,6571,10.325353827423527,7.7
2011-08,5953,10.482625566941039,7.7
2011-09,6657,11.113932702418506,8.1
2011-10,7011,10.718883183568677,8.1
2011-11,6451,10.651150209269879,8.1
2011-12,6754,10.713325436778206,8.1
2012-01,6697,9.951411079587876,7.7
2012-02,6728,10.276233650416172,7.7
2012-03,7251,10.365872293476762,7.7
2012-04,6953,10.463684740399827,8.1
2012-05,6955,10.80450035945363,8.1
2012-06,6876,10.575623909249565,8.1
2012-07,6519,10.415876668200646,7.7
2012-08,6601,10.799363732767763,8.1
2012-09,6367,12.805607036280824,9.5
2012-10,6485,12.884101773323053,9.5
2012-11,6168,12.255322632944228,9.0
2012-12,6625,12.633779622641509,9.5
2013-01,6763,11.873739464734586,8.5
2013-02,6374,11.895192971446502,9.0
2013-03,7028,12.31439812179852,9.0
2013-04,6623,12.55942020232523,9.5
2013-05,6760,12.7731050295858,9.5
2013-06,6413,12.802911273974738,9.5
2013-07,6430,12.789452566096422,9.5
2013-08,5634,12.657658856940007,9.5
2013-09,6327,13.03260470997313,9.5
2013-10,6907,13.016515129578687,9.5
2013-11,6438,12.914928549238894,9.5
2013-12,6333,12.9401342175904,9.5
2014-01,6190,12.220877221324717,9.0
2014-02,5976,12.279355756358767,9.0
2014-03,6924,12.586790872328134,9.0
2014-04,6541,12.85524843296132,9.5
2014-05,6679,13.4916903728103,10.0
2014-06,6159,13.37942847864913,9.5
2014-07,6047,13.16200099222755,9.5
2014-08,5740,13.063994773519164,9.5
2014-09,6026,13.239832392963823,9.5
2014-10,6461,13.074685033276582,10.0
2014-11,5901,13.158615488900187,9.5
2014-12,5963,13.087140700989433,9.5
2015-01,5690,12.420687170474517,9.0
2015-02,5622,12.64011383849164,9.5
2015-03,5996,13.013524016010674,9.5
2015-04,5946,13.035287588294652,9.5
2015-05,5924,13.562736326806212,10.0
2015-06,5613,13.530057010511314,9.5
