hour,Congested Traffic,Dense Traffic,Flow Traffic
0,11.620967006233846,11.910384437951715,11.801670473580023
1,11.70190279214064,11.272334157395964,11.351469983552633
2,11.384968240817454,11.522258596973867,11.632387648194099
3,12.292116182572615,11.973793752352277,11.962469558599695
4,13.571078125000001,13.96228026117529,13.5205325140809
5,15.163360752056406,15.797459627329193,14.570341521869384
6,12.461520869068039,12.347510133178924,12.130441743255263
7,10.942164594240836,10.916037924151697,11.00376248976249
8,10.918374688197453,10.882838840188807,10.940893470790378
9,10.955445158040549,10.790604609010876,10.709680972274972
10,11.115478307733765,10.71343678929766,10.88894806747244
11,11.158196113525953,11.191881568828505,11.223610318900699
12,11.136326703856415,11.142253709559718,11.112511917858454
13,11.631178614823815,11.653265881775814,11.662131188427486
14,11.783786738772632,12.007224275664719,11.825582518553421
15,12.094440419685236,12.287742219982361,11.888855339685682
16,11.82641615986099,11.843986325802616,11.843156907989616
17,11.516255836814942,11.480004851425106,11.136497640082295
18,11.031715110491739,10.91600098376783,10.994858911896062
19,10.634400076060087,10.502318492162708,10.670041097199656
20,11.000830027145541,10.761693013768484,10.71851376146789
21,11.075768291387915,10.995859634551495,10.926435798477105
22,11.189760822510822,11.368245800552838,11.402170356636493
23,11.545568826155145,11.626297536474528,11.50348800389721
