,passenger_count,hour,day,month,weekday,year,jfk_dist,ewr_dist,lga_dist,sol_dist,nyc_dist,distance,bearing
passenger_count,1.0,0.01592839343201579,0.005496603790685952,0.004675040350158681,0.03749791608107613,0.004968840619632517,-0.004463389521042062,-0.0021278355903235836,0.0029181662534217973,-0.0019103313406055305,-0.0010333343297327295,0.008210914643853394,0.0015701006003588812
hour,0.01592839343201579,1.0,0.0023501889632051355,-0.0031589680975574576,-0.08887881597811571,0.002233579826258281,0.019714361729564134,-0.005071795511015136,-0.0031465343266004987,0.0012906272531712194,-0.0020572380006404377,-0.024029091527513514,0.0316681035998816
day,0.005496603790685952,0.0023501889632051355,1.0,-0.016243422410767223,0.006843780067484698,-0.009705581438523524,-0.002749413683952234,6.827422764364032e-05,-0.0005765909372809889,-0.0002102633626208986,-0.0001761748736090298,-0.0004377413140026931,-0.0038517633162798194
month,0.004675040350158681,-0.0031589680975574576,-0.016243422410767223,1.0,-0.009176615832245353,-0.1175959569359761,-0.009318521992966854,-0.0005717173605261989,-0.0026210984902302874,-0.001852168327231647,-0.0012704864802161795,0.00804867523052132,0.0019586857831309502
weekday,0.03749791608107613,-0.08887881597811571,0.006843780067484698,-0.009176615832245353,1.0,0.010573188298182065,-0.010617637385843887,-0.017452644786835763,0.020799668368693642,-0.023860536649665844,-0.021474154784039367,0.01008390976362713,-0.007363642233141659
year,0.004968840619632517,0.002233579826258281,-0.009705581438523524,-0.1175959569359761,0.010573188298182065,1.0,-0.02422759413714991,-0.007272756476273999,-0.013402966244291532,-0.00976958894713121,-0.008632254334428067,0.015475880312823997,-0.006132324956307424
jfk_dist,-0.004463389521042062,0.019714361729564134,-0.002749413683952234,-0.009318521992966854,-0.010617637385843887,-0.02422759413714991,1.0,0.36799788367568204,0.587270746899325,0.4611603447309813,0.4472202608068462,-0.02761515776949152,0.04978802923854374
ewr_dist,-0.0021278355903235836,-0.005071795511015136,6.827422764364032e-05,-0.0005717173605261989,-0.017452644786835763,-0.007272756476273999,0.36799788367568204,1.0,0.3973194711933999,0.9774658266154693,0.9693775323812819,0.4327949850938438,-0.04254834617814552
lga_dist,0.0029181662534217973,-0.0031465343266004987,-0.0005765909372809889,-0.0026210984902302874,0.020799668368693642,-0.013402966244291532,0.587270746899325,0.3973194711933999,1.0,0.38085420023207217,0.4311798111187276,0.27997548659831534,-0.0037318514020609228
sol_dist,-0.0019103313406055305,0.0012906272531712194,-0.0002102633626208986,-0.001852168327231647,-0.023860536649665844,-0.00976958894713121,0.4611603447309813,0.9774658266154693,0.38085420023207217,1.0,0.9921202651421244,0.39742251352987595,-0.028720294605352272
nyc_dist,-0.0010333343297327295,-0.0020572380006404377,-0.0001761748736090298,-0.0012704864802161795,-0.021474154784039367,-0.008632254334428067,0.4472202608068462,0.9693775323812819,0.4311798111187276,0.9921202651421244,1.0,0.43140803563578534,-0.030577853730230857
distance,0.008210914643853394,-0.024029091527513514,-0.0004377413140026931,0.00804867523052132,0.01008390976362713,0.015475880312823997,-0.02761515776949152,0.4327949850938438,0.27997548659831534,0.39742251352987595,0.43140803563578534,1.0,-0.011776376402022778
bearing,0.0015701006003588812,0.0316681035998816,-0.0038517633162798194,0.0019586857831309502,-0.007363642233141659,-0.006132324956307424,0.04978802923854374,-0.04254834617814552,-0.0037318514020609228,-0.028720294605352272,-0.030577853730230857,-0.011776376402022778,1.0
