hour,traffic_mean_fare_spread
0,0.2894174317178688
1,0.4295686347446761
2,0.24741940737664514
3,0.3296466239729199
4,0.44174774709438935
5,1.2271181054598088
6,0.3310791258127761
7,0.08772456561079345
8,0.05805463060157123
9,0.24576418576557657
10,0.40204151843610525
11,0.0654142053747453
12,0.02974179170126412
13,0.03095257360367043
14,0.2234375368920869
15,0.3988868802966792
16,0.01757016594162586
17,0.3797581967326469
18,0.11571412672390835
19,0.16772260503694802
20,0.2823162656776521
21,0.1493324929108102
22,0.21240953412567087
23,0.12280953257731753
